timestamp_s,phase,path0_rtt_ms,path1_rtt_ms,path0_loss_pct,path1_loss_pct,loss_correlation,oco_k,oco_m,oco_redundancy_pct,oco_effective_rate,oco_recovery_pct,static_k,static_m,static_redundancy_pct,static_effective_rate,static_recovery_pct,nofec_recovery_pct,best_path_loss_pct
0,1,23.349,38.679,3.237,1.342,0.050,10,1,10.000,0.909,94.800,4,2,50.000,0.667,100.000,98.200,3.237
1,1,23.289,39.789,2.242,0.800,0.050,10,1,10.000,0.909,97.800,4,2,50.000,0.667,100.000,97.200,2.242
2,1,28.211,44.796,3.510,1.596,0.050,10,1,10.000,0.909,95.400,4,2,50.000,0.667,100.000,97.200,3.510
3,1,28.006,45.530,3.381,1.516,0.050,10,1,10.000,0.909,95.200,4,2,50.000,0.667,99.800,95.400,3.381
4,1,29.382,47.288,3.832,1.740,0.050,10,1,10.000,0.909,95.400,4,2,50.000,0.667,100.000,97.200,3.832
5,1,32.733,50.331,3.537,1.475,0.050,10,1,10.000,0.909,95.000,4,2,50.000,0.667,100.000,96.400,3.537
6,1,23.675,43.120,4.150,1.728,0.050,10,1,10.000,0.909,89.800,4,2,50.000,0.667,99.800,96.400,4.150
7,1,33.363,50.571,3.454,1.188,0.050,10,1,10.000,0.909,95.400,4,2,50.000,0.667,99.800,97.000,3.454
8,1,31.671,48.597,2.781,0.683,0.050,10,1,10.000,0.909,98.200,4,2,50.000,0.667,100.000,97.800,2.781
9,1,28.371,45.057,3.159,0.853,0.050,10,1,10.000,0.909,94.800,4,2,50.000,0.667,100.000,96.600,3.159
10,1,31.425,46.378,2.546,0.495,0.050,10,1,10.000,0.909,96.000,4,2,50.000,0.667,100.000,96.200,2.546
11,1,31.072,44.830,2.885,0.782,0.050,10,1,10.000,0.909,97.000,4,2,50.000,0.667,100.000,96.600,2.885
12,1,29.321,42.109,1.775,0.271,0.050,10,1,10.000,0.909,97.600,4,2,50.000,0.667,100.000,98.400,1.775
13,1,24.503,36.973,2.331,0.815,0.050,10,1,10.000,0.909,96.600,4,2,50.000,0.667,100.000,96.800,2.331
14,1,21.350,33.304,2.704,1.276,0.050,10,1,10.000,0.909,96.200,4,2,50.000,0.667,100.000,98.600,2.704
15,1,27.095,36.974,2.531,1.399,0.050,10,1,10.000,0.909,96.400,4,2,50.000,0.667,100.000,98.600,2.531
16,1,23.456,33.432,2.116,1.330,0.050,10,1,10.000,0.909,99.000,4,2,50.000,0.667,100.000,97.400,2.116
17,1,26.603,35.671,1.566,1.099,0.050,10,1,10.000,0.909,99.400,4,2,50.000,0.667,100.000,96.800,1.566
18,1,15.928,27.235,2.063,1.395,0.050,10,1,10.000,0.909,99.400,4,2,50.000,0.667,100.000,98.000,2.063
19,1,19.440,30.540,2.062,1.283,0.050,10,1,10.000,0.909,97.400,4,2,50.000,0.667,100.000,99.000,2.062
20,1,20.490,32.248,3.897,2.171,0.050,10,1,10.000,0.909,93.200,4,2,50.000,0.667,99.800,96.800,3.897
21,1,21.138,33.960,2.538,1.068,0.050,10,1,10.000,0.909,95.200,4,2,50.000,0.667,100.000,98.000,2.538
22,1,20.435,34.849,3.823,1.515,0.050,10,1,10.000,0.909,94.600,4,2,50.000,0.667,100.000,96.400,3.823
23,1,15.626,32.625,3.595,1.064,0.050,10,1,10.000,0.909,94.200,4,2,50.000,0.667,100.000,96.400,3.595
24,1,19.000,37.015,3.589,0.803,0.050,10,1,10.000,0.909,92.200,4,2,50.000,0.667,99.800,95.200,3.589
25,1,19.687,39.214,3.671,0.690,0.050,10,1,10.000,0.909,95.000,4,2,50.000,0.667,100.000,96.200,3.671
26,1,17.236,38.751,3.824,0.741,0.050,10,1,10.000,0.909,93.400,4,2,50.000,0.667,99.800,95.400,3.824
27,1,27.896,48.522,3.194,0.452,0.050,10,1,10.000,0.909,95.000,4,2,50.000,0.667,100.000,96.600,3.194
28,1,21.517,44.317,2.424,0.201,0.050,10,1,10.000,0.909,98.000,4,2,50.000,0.667,100.000,97.800,2.424
29,1,23.914,46.717,3.656,1.242,0.050,10,1,10.000,0.909,95.600,4,2,50.000,0.667,99.800,96.800,3.656
30,1,22.725,45.788,2.968,1.181,0.050,10,1,10.000,0.909,96.000,4,2,50.000,0.667,100.000,96.600,2.968
31,1,25.799,47.792,3.470,1.833,0.050,10,1,10.000,0.909,95.200,4,2,50.000,0.667,100.000,96.200,3.470
32,1,19.537,41.861,3.609,2.219,0.050,10,1,10.000,0.909,94.400,4,2,50.000,0.667,100.000,97.400,3.609
33,1,27.296,46.724,2.717,1.894,0.050,10,1,10.000,0.909,96.800,4,2,50.000,0.667,99.800,98.200,2.717
34,1,29.784,47.019,2.848,2.063,0.050,10,1,10.000,0.909,96.000,4,2,50.000,0.667,100.000,98.200,2.848
35,1,28.002,43.640,3.167,2.213,0.050,10,1,10.000,0.909,96.800,4,2,50.000,0.667,100.000,97.000,3.167
36,1,28.506,41.946,2.598,1.709,0.050,10,1,10.000,0.909,97.600,4,2,50.000,0.667,100.000,96.800,2.598
37,1,28.364,39.716,2.567,1.432,0.050,10,1,10.000,0.909,96.000,4,2,50.000,0.667,99.800,98.200,2.567
38,1,31.419,40.154,2.111,0.845,0.050,10,1,10.000,0.909,97.800,4,2,50.000,0.667,100.000,97.800,2.111
39,1,35.372,41.549,2.440,0.718,0.050,10,1,10.000,0.909,97.200,4,2,50.000,0.667,99.800,96.800,2.440
40,1,29.369,35.329,3.031,0.786,0.050,10,1,10.000,0.909,95.200,4,2,50.000,0.667,99.800,98.400,3.031
41,1,28.275,33.483,3.730,0.992,0.050,10,1,10.000,0.909,99.400,4,2,50.000,0.667,100.000,99.200,0.992
42,1,28.265,33.022,3.931,1.001,0.050,10,1,10.000,0.909,98.800,4,2,50.000,0.667,100.000,98.000,1.001
43,1,28.993,33.709,2.722,0.273,0.050,10,1,10.000,0.909,100.000,4,2,50.000,0.667,100.000,99.800,0.273
44,1,23.083,29.651,2.321,0.133,0.050,10,1,10.000,0.909,97.000,4,2,50.000,0.667,100.000,97.400,2.321
45,1,24.985,32.380,3.569,1.061,0.050,10,1,10.000,0.909,99.200,4,2,50.000,0.667,100.000,98.800,1.061
46,1,26.562,35.327,3.970,1.529,0.050,10,1,10.000,0.909,91.800,4,2,50.000,0.667,100.000,96.000,3.970
47,1,29.786,39.980,3.917,1.733,0.050,10,1,10.000,0.909,94.400,4,2,50.000,0.667,100.000,95.600,3.917
48,1,22.027,36.119,3.400,1.633,0.050,10,1,10.000,0.909,96.400,4,2,50.000,0.667,100.000,96.400,3.400
49,1,25.185,41.131,3.672,1.952,0.050,10,1,10.000,0.909,94.800,4,2,50.000,0.667,100.000,95.800,3.672
50,1,20.656,39.989,3.740,2.077,0.050,10,1,10.000,0.909,94.600,4,2,50.000,0.667,100.000,96.200,3.740
51,1,14.895,37.710,2.916,1.592,0.050,10,1,10.000,0.909,96.200,4,2,50.000,0.667,99.800,98.200,2.916
52,1,19.645,43.548,3.589,1.940,0.050,10,1,10.000,0.909,94.200,4,2,50.000,0.667,100.000,97.200,3.589
53,1,17.179,43.198,2.297,1.063,0.050,10,1,10.000,0.909,96.600,4,2,50.000,0.667,100.000,98.200,2.297
54,1,16.221,43.535,1.665,0.562,0.050,10,1,10.000,0.909,99.200,4,2,50.000,0.667,100.000,97.800,1.665
55,1,18.104,45.556,2.641,1.032,0.050,10,1,10.000,0.909,95.200,4,2,50.000,0.667,100.000,97.200,2.641
56,1,22.540,48.989,1.338,0.162,0.050,10,1,10.000,0.909,98.600,4,2,50.000,0.667,100.000,99.000,1.338
57,1,17.407,44.135,1.986,0.505,0.050,10,1,10.000,0.909,97.800,4,2,50.000,0.667,100.000,98.600,1.986
58,1,21.298,45.904,1.749,0.360,0.050,10,1,10.000,0.909,98.400,4,2,50.000,0.667,100.000,98.000,1.749
59,1,20.360,43.284,2.828,1.042,0.050,10,1,10.000,0.909,96.400,4,2,50.000,0.667,100.000,98.600,2.828
60,2,26.063,45.181,3.483,1.490,0.050,10,1,10.000,0.909,92.200,4,2,50.000,0.667,100.000,96.800,3.483
61,2,33.822,47.369,3.763,1.628,0.065,10,1,10.000,0.909,93.800,4,2,50.000,0.667,100.000,95.200,3.763
62,2,32.662,42.373,4.246,1.888,0.080,10,1,10.000,0.909,92.200,4,2,50.000,0.667,99.800,95.600,4.246
63,2,36.384,41.692,6.741,3.354,0.095,10,1,10.000,0.909,93.600,4,2,50.000,0.667,100.000,95.800,3.354
64,2,37.321,39.573,6.892,3.415,0.110,10,1,10.000,0.909,94.400,4,2,50.000,0.667,99.800,98.000,3.415
65,2,50.350,48.159,8.578,4.397,0.125,10,1,10.000,0.909,93.000,4,2,50.000,0.667,99.800,95.800,4.397
66,2,45.286,43.378,8.360,4.236,0.140,10,1,10.000,0.909,91.800,4,2,50.000,0.667,99.800,97.600,4.236
67,2,44.656,43.152,9.375,4.815,0.155,10,2,10.254,0.833,98.400,4,2,50.000,0.667,100.000,94.000,4.815
68,2,52.092,50.147,10.438,5.423,0.170,10,2,11.661,0.833,97.800,4,2,50.000,0.667,100.000,95.400,5.423
69,2,55.784,54.569,12.036,6.352,0.185,10,2,13.743,0.833,97.600,4,2,50.000,0.667,100.000,93.400,6.352
70,2,48.336,50.112,12.804,6.782,0.200,10,2,14.584,0.833,95.000,4,2,50.000,0.667,99.800,94.600,6.782
71,2,46.180,49.557,13.691,7.284,0.215,10,2,15.652,0.833,94.600,4,2,50.000,0.667,98.800,92.200,7.284
72,2,55.705,57.729,13.828,7.337,0.230,10,2,15.944,0.833,96.800,4,2,50.000,0.667,99.800,93.200,7.337
73,2,53.642,55.841,15.141,8.094,0.245,10,2,17.545,0.833,94.200,4,2,50.000,0.667,99.200,89.800,8.094
74,2,56.428,57.009,15.722,8.413,0.260,10,2,18.266,0.833,93.600,4,2,50.000,0.667,99.200,91.600,8.413
75,2,62.875,60.380,17.236,9.291,0.275,8,2,20.266,0.800,95.200,4,2,50.000,0.667,98.000,91.600,9.291
76,2,68.312,62.421,18.424,9.975,0.290,8,2,21.817,0.800,92.600,4,2,50.000,0.667,99.400,89.200,9.975
77,2,69.559,60.854,20.085,10.941,0.305,8,2,23.880,0.800,92.400,4,2,50.000,0.667,97.400,89.400,10.941
78,2,78.361,65.354,20.346,11.068,0.320,8,2,24.305,0.800,92.400,4,2,50.000,0.667,97.200,89.400,11.068
79,2,83.759,67.397,21.432,11.689,0.335,8,3,25.742,0.727,97.400,4,2,50.000,0.667,97.200,89.000,11.689
80,2,67.458,69.340,20.316,11.190,0.437,8,2,24.707,0.800,90.800,4,2,50.000,0.667,98.200,87.400,11.190
81,2,58.945,62.333,23.594,13.174,0.409,8,3,28.812,0.727,96.400,4,2,50.000,0.667,96.600,88.200,13.174
82,2,69.489,65.429,32.552,18.335,0.371,8,4,40.270,0.667,93.200,4,2,50.000,0.667,93.000,83.400,18.335
83,2,68.960,59.310,31.451,18.641,0.329,8,4,40.599,0.667,94.400,4,2,50.000,0.667,92.000,81.000,18.641
84,2,78.458,59.270,27.162,16.948,0.291,8,3,36.911,0.727,91.400,4,2,50.000,0.667,94.400,84.600,16.948
85,2,89.000,60.739,16.139,11.017,0.263,8,2,24.041,0.800,91.400,4,2,50.000,0.667,97.200,89.200,11.017
86,2,82.183,52.725,14.943,8.915,0.251,10,2,19.240,0.833,92.000,4,2,50.000,0.667,99.200,89.000,8.915
87,2,90.200,57.525,16.334,7.329,0.255,10,2,15.924,0.833,94.000,4,2,50.000,0.667,99.400,90.800,7.329
88,2,89.965,59.924,19.128,6.673,0.276,10,2,14.545,0.833,96.800,4,2,50.000,0.667,99.600,94.200,6.673
89,2,84.263,61.255,24.628,9.092,0.309,10,2,19.856,0.833,92.800,4,2,50.000,0.667,98.200,91.000,9.092
90,2,76.437,62.625,24.707,10.524,0.350,8,2,23.025,0.800,91.000,4,2,50.000,0.667,96.800,88.000,10.524
91,2,81.497,72.585,24.315,13.607,0.391,8,3,30.176,0.727,95.600,4,2,50.000,0.667,96.800,86.400,13.607
92,2,73.836,72.609,19.448,14.473,0.424,8,3,32.099,0.727,95.200,4,2,50.000,0.667,95.400,87.200,14.473
93,2,67.528,70.961,16.140,14.821,0.445,8,3,35.549,0.727,91.600,4,2,50.000,0.667,94.400,85.200,16.140
94,2,77.454,77.033,21.523,16.865,0.449,8,4,37.627,0.667,95.600,4,2,50.000,0.667,93.000,83.000,16.865
95,2,73.797,71.126,23.533,14.753,0.437,8,3,32.654,0.727,93.200,4,2,50.000,0.667,96.200,87.000,14.753
96,2,76.842,67.597,27.718,12.580,0.409,8,3,27.711,0.727,96.400,4,2,50.000,0.667,97.000,85.600,12.580
97,2,84.355,66.233,23.735,7.103,0.371,10,2,15.618,0.833,94.400,4,2,50.000,0.667,99.000,93.600,7.103
98,2,90.743,64.725,24.824,6.790,0.329,10,2,14.899,0.833,96.200,4,2,50.000,0.667,99.400,93.600,6.790
99,2,86.408,57.903,23.727,8.552,0.291,10,2,18.589,0.833,90.600,4,2,50.000,0.667,99.000,93.000,8.552
100,2,96.435,63.255,19.677,10.806,0.263,8,2,23.663,0.800,91.000,4,2,50.000,0.667,98.600,88.200,10.806
101,2,92.581,62.098,16.182,13.394,0.251,8,3,29.283,0.727,94.600,4,2,50.000,0.667,95.800,84.200,13.394
102,2,78.606,56.462,14.446,14.772,0.255,8,3,32.299,0.727,93.800,4,2,50.000,0.667,95.200,84.400,14.446
103,2,72.229,57.207,16.240,14.882,0.276,8,3,32.318,0.727,91.600,4,2,50.000,0.667,94.600,85.400,14.882
104,2,72.324,62.402,20.819,13.843,0.309,8,3,30.277,0.727,94.800,4,2,50.000,0.667,97.400,87.400,13.843
105,2,70.749,65.499,24.351,11.277,0.350,8,2,24.770,0.800,91.800,4,2,50.000,0.667,97.600,89.600,11.277
106,2,65.261,64.202,32.172,11.952,0.391,8,3,26.206,0.727,95.000,4,2,50.000,0.667,98.800,88.600,11.952
107,2,71.076,68.329,31.057,10.797,0.424,8,2,23.806,0.800,93.200,4,2,50.000,0.667,97.600,87.600,10.797
108,2,79.993,72.604,27.638,11.078,0.445,8,2,24.570,0.800,90.200,4,2,50.000,0.667,97.800,89.000,11.078
109,2,89.217,75.767,16.318,8.773,0.449,10,2,19.540,0.833,91.200,4,2,50.000,0.667,97.600,92.600,8.773
110,2,76.921,64.102,14.797,11.178,0.437,8,2,24.506,0.800,91.400,4,2,50.000,0.667,96.200,91.400,11.178
111,2,90.914,70.312,16.916,13.834,0.409,8,3,30.587,0.727,95.800,4,2,50.000,0.667,96.800,84.400,13.834
112,2,84.752,64.058,20.180,14.912,0.371,8,3,32.690,0.727,91.600,4,2,50.000,0.667,96.200,85.600,14.912
113,2,88.897,65.935,23.999,14.870,0.329,8,3,32.682,0.727,93.200,4,2,50.000,0.667,95.600,86.800,14.870
114,2,84.359,63.204,26.106,13.715,0.291,8,3,30.030,0.727,94.400,4,2,50.000,0.667,96.000,84.600,13.715
115,2,75.576,58.456,23.315,10.656,0.263,8,2,23.180,0.800,91.800,4,2,50.000,0.667,98.600,87.400,10.656
116,2,63.153,51.586,18.913,7.996,0.251,10,2,17.230,0.833,93.600,4,2,50.000,0.667,99.200,93.000,7.996
117,2,62.061,52.099,15.657,6.923,0.255,10,2,14.929,0.833,94.800,4,2,50.000,0.667,99.600,92.800,6.923
118,2,67.954,56.798,21.522,10.709,0.276,8,2,23.242,0.800,91.400,4,2,50.000,0.667,98.800,87.400,10.709
119,2,75.342,61.974,23.419,12.334,0.309,8,3,26.960,0.727,96.600,4,2,50.000,0.667,98.400,87.200,12.334
120,2,74.239,61.159,27.025,14.515,0.350,8,3,31.694,0.727,95.200,4,2,50.000,0.667,95.600,86.800,14.515
121,2,75.344,61.816,23.280,12.986,0.391,8,3,28.379,0.727,95.000,4,2,50.000,0.667,96.200,86.200,12.986
122,2,88.473,70.820,25.561,14.841,0.424,8,3,32.835,0.727,93.200,4,2,50.000,0.667,95.800,82.800,14.841
123,2,88.294,71.471,23.980,14.859,0.445,8,3,32.903,0.727,93.200,4,2,50.000,0.667,94.400,83.200,14.859
124,2,88.767,73.027,19.982,13.341,0.449,8,3,29.604,0.727,96.000,4,2,50.000,0.667,95.800,85.200,13.341
125,2,85.864,72.504,15.984,10.924,0.437,8,2,24.224,0.800,91.000,4,2,50.000,0.667,98.600,89.400,10.924
126,2,83.901,72.303,14.321,8.541,0.409,10,2,18.935,0.833,91.600,4,2,50.000,0.667,99.000,91.000,8.541
127,2,71.079,64.050,15.725,6.964,0.371,10,2,15.267,0.833,95.600,4,2,50.000,0.667,99.800,93.800,6.964
128,2,76.693,66.906,20.038,7.218,0.329,10,2,15.886,0.833,96.400,4,2,50.000,0.667,99.200,93.000,7.218
129,2,66.839,58.190,22.801,7.996,0.291,10,2,17.388,0.833,93.200,4,2,50.000,0.667,99.200,91.600,7.996
130,2,69.998,57.177,33.281,14.969,0.263,8,3,32.505,0.727,91.200,4,2,50.000,0.667,93.600,84.800,14.969
131,2,84.380,63.297,29.885,16.249,0.251,8,3,35.583,0.727,90.800,4,2,50.000,0.667,92.600,81.800,16.249
132,2,83.202,59.526,26.292,17.880,0.255,8,4,38.952,0.667,96.600,4,2,50.000,0.667,91.800,84.000,17.880
133,2,75.644,52.817,15.802,14.619,0.276,8,3,31.555,0.727,93.600,4,2,50.000,0.667,97.200,85.800,14.619
134,2,94.010,65.313,14.587,13.403,0.309,8,3,29.433,0.727,94.600,4,2,50.000,0.667,97.400,88.800,13.403
135,2,89.960,64.974,16.519,11.245,0.350,8,2,24.681,0.800,89.600,4,2,50.000,0.667,98.200,90.800,11.245
136,2,89.947,69.112,20.621,9.021,0.391,10,2,19.913,0.833,92.600,4,2,50.000,0.667,99.000,92.400,9.021
137,2,80.906,68.216,23.997,7.261,0.424,10,2,16.007,0.833,95.600,4,2,50.000,0.667,99.000,92.600,7.261
138,2,84.444,75.571,25.506,7.200,0.445,10,2,16.032,0.833,94.800,4,2,50.000,0.667,99.800,91.800,7.200
139,2,74.109,72.362,23.024,8.130,0.449,10,2,18.025,0.833,93.200,4,2,50.000,0.667,98.800,89.800,8.130
140,3,86.201,74.495,19.300,10.580,0.350,8,2,23.524,0.800,90.800,4,2,50.000,0.667,98.800,89.400,10.580
141,3,77.597,65.846,19.284,10.586,0.338,8,2,23.264,0.800,93.400,4,2,50.000,0.667,97.600,87.200,10.586
142,3,82.404,67.783,18.360,10.048,0.326,8,2,22.139,0.800,94.400,4,2,50.000,0.667,98.200,91.600,10.048
143,3,75.920,60.780,18.052,9.879,0.314,8,2,21.559,0.800,94.200,4,2,50.000,0.667,98.600,87.000,9.879
144,3,77.551,60.586,17.538,9.587,0.302,8,2,20.916,0.800,93.800,4,2,50.000,0.667,99.000,89.400,9.587
145,3,72.279,55.379,16.971,9.263,0.290,8,2,20.064,0.800,94.600,4,2,50.000,0.667,98.400,90.200,9.263
146,3,74.016,56.434,15.670,8.498,0.278,10,2,18.434,0.833,91.600,4,2,50.000,0.667,98.800,91.600,8.498
147,3,70.303,53.868,15.594,8.468,0.266,10,2,18.305,0.833,93.400,4,2,50.000,0.667,98.200,91.600,8.468
148,3,71.333,55.856,13.955,7.501,0.254,10,2,16.259,0.833,96.000,4,2,50.000,0.667,99.000,93.600,7.501
149,3,59.504,48.268,14.001,7.545,0.242,10,2,16.182,0.833,95.000,4,2,50.000,0.667,99.000,92.800,7.545
150,3,52.398,45.061,13.658,7.355,0.230,10,2,15.704,0.833,95.400,4,2,50.000,0.667,98.800,91.800,7.355
151,3,59.372,53.559,12.934,6.936,0.218,10,2,14.987,0.833,93.400,4,2,50.000,0.667,99.800,93.400,6.936
152,3,49.170,48.564,12.169,6.494,0.206,10,2,13.933,0.833,96.600,4,2,50.000,0.667,99.800,95.200,6.494
153,3,52.281,54.251,11.204,5.930,0.194,10,2,12.825,0.833,96.800,4,2,50.000,0.667,99.800,93.200,5.930
154,3,42.106,49.129,10.508,5.529,0.182,10,2,11.872,0.833,98.600,4,2,50.000,0.667,99.400,94.200,5.529
155,3,38.944,49.246,10.507,5.544,0.170,10,2,11.908,0.833,98.000,4,2,50.000,0.667,99.400,95.400,5.544
156,3,40.127,52.309,9.973,5.240,0.158,10,2,11.302,0.833,97.600,4,2,50.000,0.667,99.600,95.800,5.240
157,3,42.101,55.371,8.384,4.302,0.146,10,1,10.000,0.909,91.000,4,2,50.000,0.667,100.000,96.000,4.302
158,3,36.240,51.481,8.167,4.188,0.134,10,1,10.000,0.909,93.400,4,2,50.000,0.667,100.000,97.400,4.188
159,3,35.848,51.294,7.402,3.745,0.122,10,1,10.000,0.909,94.000,4,2,50.000,0.667,99.600,95.400,3.745
160,3,39.615,53.831,6.085,2.971,0.110,10,1,10.000,0.909,96.000,4,2,50.000,0.667,99.800,97.600,2.971
161,3,34.357,48.668,5.519,2.647,0.098,10,1,10.000,0.909,98.000,4,2,50.000,0.667,100.000,96.800,2.647
162,3,33.119,46.398,4.513,2.060,0.086,10,1,10.000,0.909,91.000,4,2,50.000,0.667,100.000,96.000,4.513
163,3,28.695,41.444,3.962,1.745,0.074,10,1,10.000,0.909,91.800,4,2,50.000,0.667,100.000,94.200,3.962
164,3,33.381,43.831,3.575,1.529,0.062,10,1,10.000,0.909,94.400,4,2,50.000,0.667,100.000,96.400,3.575
165,3,25.333,32.152,2.582,1.248,0.050,10,1,10.000,0.909,97.400,4,2,50.000,0.667,100.000,97.200,2.582
166,3,31.170,35.738,3.172,1.399,0.050,10,1,10.000,0.909,94.400,4,2,50.000,0.667,100.000,97.000,3.172
167,3,26.324,31.490,2.861,1.007,0.050,10,1,10.000,0.909,96.800,4,2,50.000,0.667,99.600,97.600,2.861
168,3,27.828,33.035,3.554,1.230,0.050,10,1,10.000,0.909,99.400,4,2,50.000,0.667,100.000,99.600,1.230
169,3,22.526,29.799,2.648,0.518,0.050,10,1,10.000,0.909,97.400,4,2,50.000,0.667,100.000,97.000,2.648
170,3,20.912,30.072,3.064,0.634,0.050,10,1,10.000,0.909,97.600,4,2,50.000,0.667,99.800,97.800,3.064
171,3,30.224,39.505,4.042,1.130,0.050,10,1,10.000,0.909,99.000,4,2,50.000,0.667,100.000,98.600,1.130
172,3,17.109,31.246,3.743,0.907,0.050,10,1,10.000,0.909,95.200,4,2,50.000,0.667,100.000,96.800,3.743
173,3,16.351,32.944,4.517,1.375,0.050,10,1,10.000,0.909,98.800,4,2,50.000,0.667,100.000,98.200,1.375
174,3,19.349,37.542,3.835,1.017,0.050,10,1,10.000,0.909,93.800,4,2,50.000,0.667,100.000,96.000,3.835
175,3,21.541,41.233,4.507,1.512,0.050,10,1,10.000,0.909,92.200,4,2,50.000,0.667,99.600,96.400,4.507
176,3,19.474,41.124,2.969,0.713,0.050,10,1,10.000,0.909,96.800,4,2,50.000,0.667,99.800,96.600,2.969
177,3,21.032,43.434,2.867,0.800,0.050,10,1,10.000,0.909,96.400,4,2,50.000,0.667,100.000,96.600,2.867
178,3,24.949,47.103,4.484,1.931,0.050,10,1,10.000,0.909,90.200,4,2,50.000,0.667,99.800,96.400,4.484
179,3,27.204,48.910,3.361,1.420,0.050,10,1,10.000,0.909,95.800,4,2,50.000,0.667,100.000,95.600,3.361
180,3,23.190,45.209,4.029,1.973,0.050,10,1,10.000,0.909,91.800,4,2,50.000,0.667,99.800,95.000,4.029
181,3,27.536,47.779,3.442,1.754,0.050,10,1,10.000,0.909,96.200,4,2,50.000,0.667,100.000,96.800,3.442
182,3,23.443,43.279,2.771,1.458,0.050,10,1,10.000,0.909,96.000,4,2,50.000,0.667,100.000,96.200,2.771
183,3,32.601,49.178,3.297,1.849,0.050,10,1,10.000,0.909,95.400,4,2,50.000,0.667,100.000,97.800,3.297
184,3,28.690,44.542,2.795,1.588,0.050,10,1,10.000,0.909,97.800,4,2,50.000,0.667,100.000,96.800,2.795
185,3,25.997,40.912,3.640,2.100,0.050,10,1,10.000,0.909,95.800,4,2,50.000,0.667,99.800,96.800,3.640
186,3,32.365,44.664,1.695,0.905,0.050,10,1,10.000,0.909,97.400,4,2,50.000,0.667,100.000,97.800,1.695
187,3,26.043,38.476,2.831,1.531,0.050,10,1,10.000,0.909,96.600,4,2,50.000,0.667,100.000,96.200,2.831
188,3,28.301,39.412,2.216,1.085,0.050,10,1,10.000,0.909,96.800,4,2,50.000,0.667,99.800,98.400,2.216
189,3,26.099,37.066,3.105,1.527,0.050,10,1,10.000,0.909,95.600,4,2,50.000,0.667,99.600,94.800,3.105
190,3,22.304,33.728,1.767,0.626,0.050,10,1,10.000,0.909,99.000,4,2,50.000,0.667,100.000,98.800,1.767
191,3,23.158,34.369,2.872,1.192,0.050,10,1,10.000,0.909,96.000,4,2,50.000,0.667,100.000,96.800,2.872
192,3,26.273,37.036,1.447,0.248,0.050,10,1,10.000,0.909,98.600,4,2,50.000,0.667,100.000,99.200,1.447
193,3,21.397,33.477,2.913,1.051,0.050,10,1,10.000,0.909,96.000,4,2,50.000,0.667,100.000,96.000,2.913
194,3,22.489,34.809,2.589,0.798,0.050,10,1,10.000,0.909,94.800,4,2,50.000,0.667,100.000,98.200,2.589
195,3,14.736,29.131,2.206,0.528,0.050,10,1,10.000,0.909,99.000,4,2,50.000,0.667,100.000,98.200,2.206
196,3,20.953,34.656,2.760,0.840,0.050,10,1,10.000,0.909,97.200,4,2,50.000,0.667,100.000,95.600,2.760
197,3,17.151,32.165,4.006,1.584,0.050,10,1,10.000,0.909,93.200,4,2,50.000,0.667,99.800,97.400,4.006
198,3,19.227,34.360,3.840,1.496,0.050,10,1,10.000,0.909,93.800,4,2,50.000,0.667,99.800,97.600,3.840
199,3,24.107,38.781,3.845,1.520,0.050,10,1,10.000,0.909,92.200,4,2,50.000,0.667,100.000,96.400,3.845
